PC1,PC2,PC3
0.5417444675436847,0.13867460514550817,-0.7412537404387094
-0.9192171212201818,-0.06340299464605959,-0.5950802478915432
-0.41793368088379307,0.4687821473351348,-0.8458016771631353
-0.04610357097478491,0.9755541249211871,-0.9202269928975385
-1.1111383510225765,0.8638372865342818,-0.6768101155136561
-2.2224225851701807,0.7786290408001656,-0.4850460925400785
-3.027094840036698,0.564332785747593,-0.4738934513406941
-3.1919300919594393,0.7939113947864045,-0.45870596535216546
-3.9027458711212644,0.7476803537266024,-0.40624935854081135
-5.220867613732555,0.46257594681860775,-0.4168016283525691
-4.640188248942539,0.5853996707460808,-0.5175533256142999
-3.0500142360095692,0.7774725997177385,-0.7906605505292155
-0.596386297367357,0.7501413481889369,-1.0724609017226292
-0.5508795914947849,0.9933976769205153,-0.8423760274918222
-1.6499818049586348,0.7232171370818135,-0.7614586637077742
-2.4489168158325114,0.6141226894136128,-0.8115126227913961
-2.1862514376883184,1.3037460808725354,-0.7455701589644567
-1.1523437794619493,2.0525845311588755,-0.8865185851545054
0.6790981886055117,2.491626932194024,-1.1357551898654954
-0.27549758158970933,2.358533675302337,-0.9041261715784455
-0.2671113758711706,1.724702602662297,-0.8746098916257011
0.9095010761944282,1.559705531874317,-1.2680396425871445
3.7577784488369717,1.4695045016194506,-1.7195273451549258
6.35987987346324,2.0044533047576247,-2.41505509468799
5.235976799547836,1.8258726446393552,-2.2344994986813838
1.3620102797155917,1.2903664164956798,-1.778992149102331
-2.8286389023837066,1.0007804478105076,-1.2029229958848284
-4.3455637346352525,0.7833956736297956,-1.0643814971352497
-2.2010898917320825,0.6792730821375721,-1.5225684573223304
-1.9989723197259117,0.7333496632737833,-1.7517467149040689
-3.1877259499917017,0.8465536391161279,-1.5965691476378552
-5.616663441215824,1.0148955253123018,-1.4812516163262102
-4.582285807603685,0.8757527588034195,-1.533426100112308
-2.725773969034967,1.1322745214545369,-1.8031390378255299
2.795978155778958,1.3982494596919515,-2.705268805266279
1.139296970056797,-0.4754833692022797,-1.42101486446737
0.7781788665111837,-0.8633026634143336,-1.41828196050244
-0.45924733345426877,-1.0819164884042833,-0.9484265107978174
0.0414586140328516,-1.244066413970219,-0.9051531331912227
0.6245653976575692,-1.1237915840997716,-0.8230254358480276
1.1824987225081558,-0.9327640455457943,-0.9864863826288299
0.7100535359232854,-0.9484693533627668,-0.8789821609987739
0.16291453100324516,-1.2822374891259294,-0.6739071221002235
2.860249636956237,-0.6230403337302143,-1.3012895927963593
2.6539591663923883,-0.29030256544371547,-1.2133575240631518
6.98482457988588,0.5860107549600629,-2.2367798818937428
3.7420579886288463,0.6447254198352675,-1.6377196964370277
2.1260396639857913,1.0166384878911447,-1.414797666457303
4.284236400252326,1.6147505773630941,-1.9994677845758866
0.12229713697150531,1.2893281622359263,-1.2356150236120613
-1.1435128876574758,1.2219184947906394,-1.0394314342370246
-2.130239970550549,1.173567531605227,-0.9186296883088241
-3.68019930309893,1.0562687020622699,-0.941535121569247
-3.5514349709452877,1.3804154574554517,-1.1183008068673403
-2.3156339991979755,1.7705367805985317,-1.4862420042771283
0.42322748251223596,1.9302984553504288,-1.9882011145550935
2.0606435536033185,1.110478364506251,-1.8875289696896291
1.6050949615126653,0.41591272861080414,-1.2852638903052493
3.247119868140698,-0.32964103827151775,-1.2794489851179984
2.300855144649659,-1.2448984669009036,-0.8561237618974855
0.6635670711656687,-1.5813605555783485,-0.3095920768736792
-0.858937868425604,-1.2887531967491175,-0.09707010361723822
-0.4588083072371394,-1.4018662195419749,-0.12707536432917627
0.127511753183462,-1.206235195126194,-0.3832346798622045
0.22978238252222802,-0.9300140720515282,-0.4370483372808552
2.267050651953513,-0.5144512680085115,-0.8283766131358243
3.8344773615237187,-0.2960025603258975,-1.1963157905217745
3.8823131806512405,-0.1253782245453853,-1.1141294902789198
3.880714200252137,0.16118948006598663,-1.0393913388758986
2.009830743097799,0.2080196324652118,-0.659339764872723
1.0382403334284833,0.21316681650573746,-0.35127623983683304
1.2893559514587445,0.631478303493528,-0.4223101114109245
1.2280332376193412,0.4534262848014388,-0.23614955965187648
-0.048817607960761254,0.9659906648022315,-0.2285231409283836
-2.8116859791475806,1.1057720974824543,0.11644836096489344
-3.310879481994249,1.0340655691026315,0.12752879963178132
-3.297370698140058,1.4276392096559183,-0.06697377988339033
-2.149327177892816,1.1158549479783242,-0.08628720561282159
-1.2390508923081862,1.0168332172270476,0.035459671010527924
-0.02931436666177289,0.528737292977132,0.11489556622254328
1.1196348902196935,0.006554272619436746,0.19216773135290116
0.9956785501217991,-0.7543082805948476,0.3667785686806017
-0.5922684954658133,-1.5656233824703345,0.5905017655742241
-0.9518438660144322,-1.751491233949828,0.5958194025706633
-0.617050710036329,-1.8696132400507162,0.5493237888921707
1.1429908347897446,-1.8302711306440715,0.159354733333272
1.263510017564583,-1.542911003865027,0.13482113196951126
1.0942281195805128,-0.9195109809454881,0.3354607783605137
4.440488752300808,-0.23467064886836886,-0.42451146530000206
5.900377335173158,0.26580027133673756,-0.754761729096451
2.7586966007642597,0.36085863983862365,0.031415505374693065
0.4180152123450035,0.34760696745587694,0.5125073680035965
0.3321229061348143,0.7631431728521347,0.29292138267662166
-0.6361614027160095,0.6136146622685709,0.5186817219597375
-0.8460442836746201,0.7944476323257008,0.40177752160551783
-0.8994027529112744,1.1384862811754206,0.46485625775414274
-2.290537476526353,1.529511691444699,0.48539195400599705
-1.2601801797871768,1.8340091882600305,0.27421198585813705
0.32771554138188747,1.9491980831897242,-0.1677701592321326
5.343898321606943,1.82026830513846,-1.181613357718915
9.051538606008426,1.2512289247658026,-1.8816916030449706
6.484912310691654,0.29828014927425545,-0.9859857815058918
4.515825792077524,-0.5179199321146869,-0.27476868879970445
2.290824833597756,-1.098440188223857,0.631129836993696
2.0408486926029434,-1.2860370668728551,1.0386883131121034
1.7964868284107276,-1.5599403408073413,1.0342726767626857
0.9171756897646166,-1.7277226097327476,1.1778677645801565
0.5702045312693651,-1.6885484571420097,1.3025457664440165
1.7785771047289471,-1.3912826631168682,1.182015138299278
7.236109071552819,-0.6530298493340846,-0.06971299391461672
9.708086238193541,0.13975561208512743,-0.8016184343025433
7.475462628824525,0.9637766229995716,-0.05440495119620098
4.186085256534205,1.1528231121375616,0.398100835509647
2.3150961060911257,1.2510655515182927,0.6544051901754304
-0.9270783199349575,1.1358447552704918,1.2485686462970644
0.5109273638386267,1.5634796881171622,0.8491812200408053
-1.7017763355084328,1.0238533266653043,1.1026089008044366
-3.1359036997443153,0.8592470018817957,1.1889761054070571
-3.7578703318998428,1.115359685435087,0.7467945027425837
-2.868878956073886,1.5472282636897288,0.3141030530922378
-2.083568245906276,1.4435079957488421,0.0026462326078998508
2.248169222195196,1.5489474764672198,-0.757468104908923
2.9475021942395103,1.0251609715046786,-0.45233578101939653
5.988395020313061,0.024672482518293477,-0.9683852013828812
4.429796330870259,-1.082112726578732,-0.2603217026037356
3.277091672628839,-1.8698344323974896,0.4455286475095171
4.515713332956108,-1.9528371944045892,0.2891176079146483
3.827418310125524,-2.380759100532204,0.08878673069903234
1.5945130258435418,-2.871425596094544,0.5690445681140814
2.095730542462934,-3.0264850340864453,0.6128066008162261
2.089879686917789,-2.9607266677872572,0.607810275255681
2.4520060048166514,-2.1334803490123724,0.199024587521362
3.06470555104118,-1.0517270301430937,0.3407130429405789
2.3014141148905094,-0.929567373469712,0.3553118276152485
5.864776884005619,-0.2020932926290494,-0.5840054842802578
1.8603705992727844,-0.03556482579553493,0.43697861354605294
-0.017451777628205004,0.11476254139561272,0.6417617970224083
-0.22546064882638506,0.4655926219277726,0.5616286421660924
-1.6133726858383315,0.2982153272687706,0.7068300940007637
-2.469414148775745,0.5411808912257264,0.6033110384272329
-4.425543984853038,0.641850500425353,0.1913342935860748
-4.035262115562702,0.5944675173659139,0.09555563178517369
-1.1255243646187274,1.3714831968710395,-0.6672284138566994
3.4761045807972346,1.3208286068333508,-1.471918221682325
7.4116724955600155,0.732699889494801,-1.8123690838890085
4.110396599364338,-0.40170448345564336,-0.669625017114193
2.415199633986974,-1.1615057830872408,0.2195618417746187
1.7844914932489937,-1.7825766106453595,0.7398611165277447
2.476547291062539,-2.109158224846203,0.7143662089803757
1.5682139506589072,-2.071799645520124,1.14505685306037
-0.09874868470256258,-3.094912778684408,0.6568486864131955
1.7175745882839788,-3.487244216666997,0.44594073117578226
0.4151372910866497,-3.6628853643462973,0.3367955085025571
4.886466166546638,-3.2249995334275545,-1.2343978824587736
9.120982852507034,-1.595160170949353,-1.5964154442122658
8.347191506837222,-0.33426963233099255,-0.7848331450889804
6.593380440803918,-0.08693905416844201,-0.6360383371535957
2.290958243649647,-0.1665674540721913,-0.048654946439136156
2.2722323959158275,0.45868389167527407,0.20416325788820816
1.190919094468132,0.6232151814929747,0.16434147905622856
-0.7666853602526505,0.5738134519406003,0.4459680079677156
-1.8870387442829848,0.26186316967539247,0.5990201773409378
-3.6218921400598663,0.7345800065222955,0.2578002278865467
-3.204877653633483,0.9828921408026091,-0.06573165412432223
-1.134476040213781,1.215435593198177,-0.45085836219715414
4.353303029250459,1.3225488384399018,-1.5743718717945228
7.87873857752846,0.7808987858990526,-1.9457096007213337
0.103247259236284,-2.473122456192154,-0.3357846860136494
0.07830560397739476,-1.924346212189468,-0.11562993058508719
2.913993691953528,-0.3300213635938108,-0.37867894150787557
4.0045408510361105,0.01666816172384044,-0.8050322248419062
3.908555127703185,-0.008169081949411761,-0.9348945264751977
1.644408633968655,0.16163416778089051,-0.481049418942096
-0.4334817364609565,0.26437812491348484,-0.10189487881676312
-2.485334988123013,-0.042166256037098906,0.2985207069414797
-2.9175720333421733,0.11204410791408918,0.2735641427849955
-3.3694671805649423,0.1059398814047005,0.3831814617204161
-3.395030328301542,0.5310768769527685,0.3502152687524646
-5.758180104958048,2.2056712237747464,0.17103752074668846
-4.550232358200463,1.8580094380392755,0.2054011624930274
-2.457945091297967,1.8999124898831752,-0.03933931286964703
1.6192152366400498,2.079708824315886,-0.7993826243219139
3.6172409647919914,1.842545857448744,-0.849385803240729
2.309652081436064,1.2691877610945252,-0.7598129083460706
1.865620490148492,0.6544360767468037,-0.8059098336417733
1.1890829187193266,0.5359721308825022,-0.6359748798208885
2.2331354495541005,0.48177319412268643,-0.6567583829294862
0.6029883554619605,-0.5254652354088241,-0.334327483417429
-0.58271223126906,0.06315794618741688,-0.14217893473095589
-0.8729966403535974,0.9389240262226217,-0.16802293872739205
1.0637715409659203,0.48546631491330966,-0.4108290191463989
-1.038149206451597,-0.04605053691894349,-0.24563461416256124
0.4753945966873052,0.6686948957726303,-0.6976316439724033
1.2628052711170115,0.7993435051047814,-0.938799875116399
-1.2967454178018043,0.37897020729232506,-0.22517239657920796
-2.1862239405547395,0.3668387108827685,-0.3297525554496487
-2.1498055480854417,0.9336065766452043,-0.2241187517979273
-2.333060609595356,0.9909380720136457,-0.12100031897485267
-2.5471328492746212,0.9975550721250848,-0.18726688631415553
-3.565741606592675,0.7891057231530034,-0.0057329311220481165
-4.475408894897669,0.6371653419322969,-0.22814970996100686
-4.1610632625585975,0.5302214445207482,-0.3873529177184257
-2.571930628758596,0.7547560833101727,-0.5291124670061051
0.9435813596064752,0.8247615756514666,-1.053049801894501
3.949070863197861,0.9581041338379632,-1.5275949240946836
1.8536337546940975,0.6311094217291926,-1.070933526582753
-0.9480915764628456,-0.3542585524579412,-0.13617318567181583
-1.5180156907184286,-0.7352757209961089,-0.1590464895676225
-0.9989754004877714,-1.318731143356686,-0.31128737905359305
-0.27084737533791964,-1.1963737505584313,-0.41661294156735723
0.9485569541745777,2.54014999722152,-0.42372465754445016
1.5660624859976147,1.6951169526826602,-0.2914598705375013
0.5577983347445471,1.567749733296091,-0.47715339132819745
3.6215846366071496,1.622142052887746,-1.259520476435117
1.7091962913914007,1.2922560280010378,-0.9757050983561716
-0.05983488711141446,1.3051299183140983,-0.7962277114728444
-1.6917425289784465,1.2703741838317208,-0.5044266529862742
-2.7584857690334252,0.7911006892487785,-0.4778389043682592
-2.687447098393288,0.7061878111678436,-0.5733050087927593
-3.929912479595537,0.5952612062417441,-0.24301611583794536
-4.373594355807452,1.3030235393736653,-0.3244421666731822
-5.312842772224322,1.6227936007923907,0.008466895335136438
-5.7804333870972116,1.2063705678935983,-0.1369562937595136
-4.693606386297047,2.3538773761217886,-0.25942400619510375
-2.967366864344069,2.1301522944591045,-0.4250281769915619
0.548132909191881,2.022546936051412,-1.0053481774935948
2.190783968841789,2.1039305332165177,-1.2353785555765184
-0.5708897527039779,1.558845373619163,-0.6488461362641301
-1.4635674422940306,1.15531070608772,-0.3022771091200377
-1.9402852021924726,0.2581308077467795,0.06911195240341828
-0.7228662934358978,-0.07693245789499814,-0.2409571600001603
-1.39258012284462,-0.28798073621072484,-0.21555828663404297
-1.0236528723847336,-0.7020929366368691,-0.10073643123262807
-0.27702918288907796,-1.2698324382966097,-0.20948051537301077
-0.874492718443786,-1.0347204649936976,-0.04438389357885265
0.9690602430694121,-0.6733845413727166,-0.829144038485052
4.676419013466988,0.04332724549087497,-1.7290211140782064
3.8549418110794647,0.43928951371543873,-1.4539300649140572
0.16799305608784185,0.3517669606339022,-0.8013401190956172
-1.8923547378407102,0.4440111709401042,-0.8130474890112752
-2.6691078602018714,0.6863908731604234,-0.6896101023824438
-2.061433506909057,0.849431477004552,-0.839585297374086
-2.43092666601403,0.8749147009360789,-0.6870419094419526
-3.0081038229975015,0.9295970624306169,-0.6561256660580417
-4.1438098697842625,1.4006373319022178,-0.6564610122335064
-3.2699467225439043,1.6884299627393535,-0.6713178109174428
-2.6530987309803225,1.694072675779277,-0.7131760816199098
-1.5608480949127088,1.3402709515780895,-1.0032465908453183
1.9793684550160258,1.0269627749907542,-1.6263051931487311
3.2517337092514946,0.8832846598961542,-1.5497933456095443
1.9370340516785411,-0.23084491624408407,-0.8811591276502952
1.067135062732764,-1.1507105438714385,-0.7071411141689911
-0.6000425325842069,-2.087228786026709,-0.3469400758999125
-0.2591860892838542,-2.1768540630501336,-0.5230464019677552
-1.5044068540869604,-1.715463035622993,-0.7295256346757928
-2.794760034117265,-1.1863024751992064,-0.7199388104752837
-1.3109059253251294,-0.7153603564354235,-0.8335557647576105
-0.09581884926986443,-0.483636333068155,-0.632170982392904
-0.12597495338259437,-0.2920830560476086,-1.1299154587631506
-0.20738194644911123,-0.09701880682361112,-1.5094379228448127
-0.5635348283326497,0.15469894683151372,-1.4269582805759626
-2.298891591776748,0.038145594143433374,-1.2583521945517657
-2.983177760968872,-0.03299265238284468,-1.2098334959679773
-3.275299891859724,-0.033240497037352074,-1.0967591015835167
-2.517237461803182,0.2506348489807347,-1.2350062566338451
-3.5000617179544955,0.5335022708038782,-1.1302013974742353
-2.761097576349468,0.9533303170563854,-1.0749823255411823
-4.381453213083917,0.6818601285391243,-0.9713654190249496
-4.033678223125363,1.2554872857288666,-1.3205259293911495
-3.4688079704186516,1.002860374699818,-1.2754768858239232
-2.0866338574600416,1.1776663862039873,-1.347450679326321
-0.957250374472133,0.21083799012525306,-0.9457724434702768
-0.543442145829098,-1.0858077826426944,-0.6828471132255777
-0.8200734657654826,-1.8419431239737263,-0.6100802819801096
-1.1320103667780366,-1.7880246613052577,-0.4867772796722544
-0.7984424425540402,-2.161982628226788,-0.40148184603085135
0.2819970504145754,-1.9098655611566022,-0.8574403052581336
-1.4125906226489988,-1.9956089803421246,-0.6226871713994425
-0.292622787151108,-2.1939444027349553,-0.6847745028117864
-0.19032820637589215,-1.684852627238139,-0.7633334671993419
0.4895493045111908,-1.14922694474931,-0.9209006255402954
1.3481771856796219,-0.6942734332860901,-1.1431811604894522
0.8626356540127758,-0.25783321171460377,-0.9690090169760446
-0.4898806288023537,-0.09080378055880978,-0.9003315174808126
-1.4610236817889346,0.1248788788115192,-0.6905617988015414
-0.46870114173528044,0.6394093414174393,-0.8402289017460427
-0.4067467135355023,0.6108549927266443,-0.8977779845399181
-0.7128541906419156,0.7909168233503033,-0.8921270174647754
-1.75998836758281,1.0545495873980089,-0.7827512015006981
-2.5582022424078277,1.1994105779225699,-0.8641691690489711
-3.917422911455543,0.6573309333427746,-0.5645760614305889
-3.2296527787528655,1.2901279794653115,-0.9820956067337168
-2.984459291585905,1.4072898044686042,-1.094233159495319
-2.4190442862692785,0.7381464738928333,-0.8410855674249272
-1.0220563001088516,0.1753993520018839,-0.5737229888189006
-0.32783035422725476,-0.9950620741539353,-0.2592392755786326
-0.2544460695719603,-1.5717685499632015,-0.03877000930054741
-1.259921955057315,-2.192415753054865,0.29493559398283153
-2.509519120701142,-2.6215340091144355,0.0915180856799782
-3.6567024050982297,-2.378068852271134,-0.25071224079002463
-2.9108486362619486,-2.1199672096027036,-0.349792758039832
-2.930160886201855,-2.048698775378207,-0.24805803681456579
-2.9463043130456827,-1.7278769137929686,-0.3324668535551819
-2.594570968611492,-1.3694839543705812,-0.5110553423543573
-1.7740797427085433,-0.8592870337824022,-0.6987693633473765
-1.8149380212210362,-0.5926428067267795,-0.757774459554134
-3.279184672297346,-0.3605002317016972,-0.6070529199560997
-3.388626139227573,-0.39242036078829945,-0.7355580394493393
-3.6011293694691053,-0.38509448771503285,-0.8340237415588475
-4.340047974904776,-0.2699677630697006,-0.898883917553064
-5.365845865598929,-0.4499430155911477,-0.8513343256562342
-5.381822256419284,-0.387604032590952,-0.9321259629482801
-4.6413932267267946,-0.3492453194617847,-0.7236386649544048
-4.160651540975431,0.024674203899901194,-0.9341766110459038
-3.490388781934037,0.03330971900071979,-1.0867168455619014
0.7635017284839887,0.7523660170098458,-1.9832607706754757
3.271534371011633,-0.28236016994667856,-2.465230585580804
-2.291255796842551,-1.0816044540774303,-1.5140446258071187
-2.3460605441038966,-1.5129614953823083,-1.243855017475711
-2.1022871032042114,-1.8100780990161078,-1.021853368476445
-2.619304703357896,-1.9301427133806315,-0.683537590504684
-2.12138498967376,-2.0590771855324497,-0.5641654244384607
-2.302751312147421,-2.216574624202231,-0.6241895577527548
-2.4817968253748144,-2.2790197443127154,-0.5541161354826714
-2.2462581295824027,-2.1813685564919414,-0.5320297177786707
-1.5587829928109467,-1.9561653301790787,-0.7072156796609583
-0.24016787625249905,-1.6652145022607725,-1.0332343225812926
-1.0909468834789597,-1.2546250811960211,-0.9752455471355098
-2.0785099241810543,-1.0838273064563708,-1.0600068847001451
-3.157704958527295,-1.428342039158424,-1.197673619643848
-3.5230517793082026,-1.9504850785103887,-1.3965250334194808
-4.0097805000071824,-1.6384916262993359,-1.4079810217794695
-4.199424351220896,-2.107862939657944,-1.6022010772474078
-4.63662965370636,-1.4751043341068109,-1.4316519543006982
-4.223553245290389,-0.653144568853279,-1.21975301167744
-3.9003072287287672,-1.3964424776083122,-1.0927601432790075
-2.1226552211763927,-0.7508919488011401,-1.4005238737377952
0.9398601712180222,-0.7316022254196939,-1.8993584027941042
4.181199941408743,-0.857450412527256,-2.2546551953567353
4.36571903646607,-1.5788454365158526,-2.163467363360427
4.809804484983791,-1.6674069581134685,-2.0157965148686805
3.4656220350811298,-1.93526613674407,-1.6479698363169124
3.209012490647393,-2.4234547372215345,-1.2213722737802455
2.547760687667361,-2.770895595347771,-0.9322356842729792
-0.23253116399045964,-2.626958180147463,-0.5601412365793436
-1.1331551853342723,-2.1442245292569226,-0.4175936885790499
-1.8855350915213736,-1.7483200339567202,-0.1916631345464491
-0.3817095060535906,-1.2497268509091224,-0.21597049405011798
-0.1793405439358412,-0.7385290133833976,-0.28203883743266783
0.6576707333537635,-0.5381322609712846,-0.2861306488991813
-0.07549238412203392,-0.41619782710764497,-0.10774753886913407
-2.171504285010898,-0.30366206304519455,0.2007216921604233
-2.6086124990220996,-0.47126490559289846,0.1281070807136819
-2.0712883451693065,-0.5511074455274196,-0.1180018480151875
-2.7568099695190953,-0.8138617695028227,-0.2418715009598665
-3.581264392774753,-0.8428750954964935,-0.10272891526761423
-3.304198528450518,-0.8166490090689172,-0.08312491999744209
-5.495189729068499,-1.2914722919133024,-0.3849784578098099
-4.455744155857928,-1.3069386535997916,-0.48248933128769234
-2.7755790819315993,-1.0217698862247118,-0.5811827542904284
2.5657600214282894,1.112005079144735,-0.2153161662759943
3.760533295238081,1.271713901583746,-0.5650521111983022
0.20886608809752494,2.0051099605969473,-0.3228984382765583
-0.7482849553083856,1.7186613785528766,0.11172605269337003
-0.3060671951335463,1.7431192735525396,0.353451268676886
1.5602176980326814,2.1127275605056455,0.16043321660719195
0.13534812305629157,2.3120512771831634,0.3501490243527824
1.0528309741391177,1.7940313648724557,0.6238333740020013
1.9011941184465744,1.042841670336159,0.2809995332054907
0.4154128580661915,0.22947726575933305,0.28264354165002487
0.4698047730094015,0.4192388314545937,0.3568166436738134
0.7714808838006986,0.2572528902364621,0.2384588223375163
0.5234833391305322,0.4069679989664166,-0.04511538960433614
-0.14509516693976837,0.5982569823140856,-0.14772826900875652
-1.882991589441811,0.5850493542115914,0.036696710828301546
-2.2775860770455667,0.6314894382199089,0.07212807789956292
-2.4817839562460464,0.6669211722924131,0.0483420208018933
-1.4365187724720654,1.029918203841352,0.05281370749225828
-2.1227706078481305,1.1959058889687375,0.16767040177576376
-2.737634472112752,1.441416877866556,0.22971042041821124
-3.6285187633867024,1.3379332356865932,0.057544999557925205
-3.201883839881714,1.1675367801917864,0.12705428269697658
-1.2526164295193785,1.659159979914706,-0.5073437005266456
3.4198802952743366,1.9758452908778315,-1.6135012769888029
7.217152920949954,1.4495474674434194,-1.9483399949951354
4.797198780009897,0.27908127898679413,-0.7364383588159638
1.4310629510702062,-0.6698715410224152,0.37015690146785346
-1.023924001849255,-0.8869007630960712,0.9494350725076404
-1.1307720913765984,-1.0393222392860255,1.1763405174216879
-0.8551020291678458,-1.3168016581190438,1.3087948017236548
1.3461989952048863,-2.135316729212583,0.4405189655293077
4.096959318667822,-1.313555139087869,0.382524323021828
5.887355175192884,-0.8784816395774967,-0.3874968743062671
4.666454482122458,-0.506255065337974,-0.6651742634066383
0.7018828465785769,-0.3830633750980654,0.08049564470716523
0.11129865721073097,-0.0271935122573366,0.2581512584943288
-0.39367752340379925,0.3222657446006227,0.28721361510351057
-0.5639756566119652,0.4711698915681263,0.1432540199312617
-1.5807721545686926,0.7959074355720576,0.41468951593222725
-3.0497731440699702,0.9145533489712844,0.7305709543250621
-3.1845977916596206,1.8201473812242634,0.7169014685505278
-2.0618406697809766,1.7995666925181686,0.5150669181031768
1.222938260271858,2.1310364168124583,0.2566948278674861
3.274652833917301,1.9620866853515195,-0.00941920016569007
4.708603938477991,1.587105337224242,-0.4685339343163303
2.7860182424735314,0.5155090661916549,0.44087695044840347
2.3109357816328258,-0.21427231335684344,0.7993978391184348
2.587008925675505,-1.2462526936356102,0.9544978773515387
2.306060036219334,-1.5671284537157608,0.9448791005487132
1.9118306663969713,-1.6372527547991453,1.330695512351235
1.5945663362171167,-2.0149011435303255,1.4300789029390613
1.2175765425249259,-2.6312127571906125,1.279683366804231
3.2307213375274975,-2.655012937877778,0.5266242990983689
4.838240394543456,-1.6793961592914455,0.35086075480517614
5.173005040275234,-0.5199520208723302,0.4333198768742297
6.075643070141033,-0.27119962776110407,-0.3408800193300462
2.252509928774597,-0.4211535517190384,0.253257341541158
0.5872824189326115,-0.08255937740080257,0.8232841183304135
1.5182190773877917,0.5748274623552335,0.8014764674726754
-0.014800492299724329,0.3868251278050587,1.1773715769935622
-1.1700351647641565,0.5474221776937837,1.2349815662464505
-1.549579105733456,0.8423353100165656,1.1122520418893156
-2.690976397702943,0.7360481878551487,0.973281759902959
-2.692814414086182,1.0594635782366288,0.9987080471632208
-2.4954469369102172,0.9008721075126283,0.8375651832176949
0.10928815096756953,1.2102044414184143,0.2848809082288707
2.251327440845837,0.8728095050522326,0.17104337339623607
2.392742936364671,0.46104995360241907,0.4064557232320988
2.6464821119648696,0.9984687764509961,0.26558350401976927
2.389576850250658,0.8670700338097224,0.6064819925558512
2.8507279149245375,0.8188984673342574,0.688308731138039
2.8416261582589133,0.5612433585780369,0.8957054277750849
1.6336833796924195,0.21033774880395165,1.4120109618456866
0.632165075117583,-0.35407723266943064,1.872156980665435
0.10847909877611213,-0.7671187277661458,1.8483181736048306
2.531350123402489,-0.28746405183630813,1.060120340129658
4.091978795774932,-0.03511134576447589,0.686597348416002
3.510819765970973,0.1403084525621411,0.6841571701346312
1.9873552724524173,0.2579920242397916,0.7921668018380494
-0.02153539972816274,0.32143330813102183,1.2006209263443872
-0.6123525971806264,0.3801060149742061,1.4034264278547528
-0.746589653523389,0.51346475674031,1.3964300861700538
-2.300353450899707,0.5753939984458273,1.5949585682533614
-3.2153816018580463,0.6794173683204,1.581113192602755
-4.002977523349278,0.839166931453222,1.4624336397192088
-4.0108672211904555,1.0166547352374753,1.3335821661837568
-2.7862952931766487,0.8094871842383518,1.0818336151052275
-0.2594428605977164,0.9736874231313135,0.5410214277053119
5.230309562576036,0.9547047804652432,-0.589757063844653
7.673510373118403,0.798456434060263,-0.79568992832905
4.8120173689943,0.1359558783864393,0.09706160683809294
2.080986074281759,-0.4039865655012864,0.7337925039215758
-0.6793823969044946,-0.6500267514679142,1.3958062039060806
1.4515418989460647,-0.8833713764393744,0.9751373778302938
1.5224895651464558,-1.226261467123614,0.3501640668669844
0.8363763133238339,-1.258577199750721,0.08382766471525978
-0.518961251597121,-1.1955408200743942,0.3337540659521958
-0.3835878973670344,-1.1385232742453892,0.4525696780198183
1.2321776019417707,-0.7421962493005246,0.008736786831045474
1.680449469972412,-0.37035754326804654,-0.02260118949266629
2.0689667248018355,-0.053106946925842814,-0.09868649750181739
2.02490608578281,0.24445993363022897,-0.053963579369650475
-0.8850167134948451,0.0034994016472563246,0.5338573657087239
-1.8847015792823762,-0.10482696780245095,0.6574716298170844
-2.402953944114064,-0.24100884534655723,0.5955293208676182
-2.917409106051984,-0.37449283786262805,0.5728175222296779
-3.9768971343133694,-0.46918134288321417,0.5946181815690944
-4.770568144230779,-0.5292808752349006,0.6314178639661939
-5.563066452107445,-0.4695390199874835,0.6373506522716266
-5.16208578206144,-0.07862406140474912,0.7987352697936263
-3.218700839729759,0.7044576155967684,0.9076636766485545
0.8985915193644117,0.8251824102683626,0.22907600876447204
1.5865063823756382,0.34169413737735105,-0.0005541996910442873
-0.1750515855874677,0.9883120655381304,0.26209922402455493
-0.9156415285996848,0.34958744962640054,0.9187546601040778
-1.4175841265002318,-0.4628717413440228,0.4067474101251645
-0.9811026668689615,-0.8707964938213204,0.2701711839265096
-0.5486572154352247,-0.6031199484499099,0.7068988177690809
-2.080497347951544,0.13627647186943792,0.36437155730546666
-0.8174207827229619,2.126531600110833,0.22521827676361536
-2.1805708492761813,-0.16874997170144984,0.8661182125992728
0.12481888473221626,-1.059297102656271,0.12246946945735873
1.3562062367210876,-0.021369043284439965,-0.5357201551768729
1.3388450302461068,1.740073123230548,-0.2752108900904261
0.6000425559959089,1.9215908955848258,-0.6387259078935478
-3.3548545967615877,1.5875921836259566,-0.03528517199230148
-2.6361773106181716,1.8724102830933513,-0.1527827458206133
-1.186881633250606,2.0291347814253857,-0.19290882055034037
-2.113940246465876,1.8878099451455386,-0.220916432078155
-1.9203673221619622,2.050826280151199,-0.1794343163132376
-2.8100706378913203,2.2181494544809297,-0.1461913448649664
-3.6705613695337003,1.6282589054236576,-0.5483939565495286
-2.9769050732782576,1.559958970551184,-0.6450482824035192
0.3452065738078503,1.7932103494708416,-1.1559154532976874
5.153003472968865,1.5155799496344349,-1.9712929337981782
3.7246685501133787,0.6761469336590676,-1.2976130660540959
1.0212025098249156,-0.44777199037734394,-0.23139537311516353
0.9987158447815633,-1.2543034217844689,0.05885162679596552
-0.07252955345467653,-2.0556459481858718,0.30415525962434997
1.0162967976193344,-2.1279804804187257,-0.4207349655898636
0.8837112376904006,-2.5845058503240703,-0.8514169211908728
0.3265573416263986,-2.3577538454445315,-0.36775717199378105
-0.6137634985586469,-2.3266669885115885,0.04162910579023022
2.8346983557082375,-2.3383800132277446,-0.6997601446256998
4.639496206184509,-1.8020411682555721,-1.33795335592698
6.893359124175215,-1.2033304763592871,-1.9605700422609667
2.7383310071530955,-0.6978222893149454,-1.185704641333152
-1.4426059168107537,-0.6977125748085643,-0.13192854703642296
-1.562757644609974,-0.3026859702448379,-0.20293984645378493
-0.2236076623378246,1.6184097852675992,0.147792180851276
-1.897763672793251,1.4333073968286063,0.4783224658858198
-1.1958091719304598,1.7564033358175049,0.3541812273387056
-1.4899967309915727,1.6930054774017889,0.3551320393361142
-3.2645577469474305,1.625701865508373,0.4838939270105705
-2.7575972015799413,1.9006830848856375,0.2851464142060223
-1.7182341490608182,1.7536146422984253,0.19947032010279556
-0.91689150022334,1.8265362914500887,0.1270935888273429
-0.32854103548359265,1.3595349882303633,0.25091529847798655
-0.5746583046634938,0.4346574206472678,0.4916877320428574
-0.674846857114955,-0.3582259449618489,0.37522619825533243
-1.1206040120853296,-0.9455919026039642,0.3622758005235796
-1.214296387296802,-1.8239806411890482,0.46819152643325873
-2.101279181058826,-2.2464514003860154,0.014969302342380555
-2.7481862467562763,-2.65298871261457,-0.33642450898300824
-2.102243917503325,-2.7247826253496426,0.018675391565199338
-2.0448076695513313,-2.9101347046730712,-0.007557658594325
-1.499280839043947,-2.523988800944318,-0.04052689420203224
-0.9171391280086858,-1.7205982917473595,-0.2587412039498125
0.16048060473740197,-1.3078280435074474,-0.848696823558041
0.3503269805009672,-0.7081721876167695,-0.8256793381746678
-0.6513408948755552,0.04413438979660493,-0.4645654898730047
0.8724313107984552,0.5813609596050743,-0.7951178258418935
0.32042838508078675,0.669837527247716,-0.7619520088781759
-2.2484460053232356,0.5034396597089171,-0.413165649237953
-3.0579037290064295,0.5188579768774704,-0.29755018391896476
-3.1550769048598486,1.089434175955131,-0.4851687438595883
-3.9683920203240115,1.5476307894187382,-0.5314002612600934
-3.924777720297551,1.5765283175279792,-0.6517775433937013
-3.7199633124190834,1.2701838843401583,-0.6345828233509309
-3.315574751580378,1.106057413868866,-0.6524660611515867
-3.330514355471221,-0.1775035835231358,-0.10366325474793031
-1.8665995591929145,-1.238364122469771,0.10017479237614386
-1.254300774718046,-1.8787231180892643,0.21731553718938923
-0.11497954647611242,-2.6069073127756144,-0.13421956242492813
-3.0576544036189075,-2.761222746703643,0.3787117081205981
-4.629124807592614,-3.1890982464456266,0.17283414414975373
-4.159286241958352,-3.164190513711119,0.017903287712585928
-3.737655389023395,-2.6419365895801477,0.1615137529248833
-3.4773724554111975,-2.1925671981448107,0.10626728123829512
-2.9418015994603888,-1.828120072664329,-0.15965527860991388
-1.981304219425406,-1.3565150118033051,-0.37839887814113854
-3.298345404904777,-1.209846747237384,-0.20400150737240078
-3.330191312004767,-1.2649024686402675,-0.2555966228578632
-3.5435590328715807,-1.0529422014338417,-0.4012994856045847
-3.4495692758315455,-1.1383358581262901,-0.5744517590116657
-4.643094772009066,-1.1519099651846054,-0.5868918349422133
-5.041711997857417,-1.5612219309739825,-0.8099771775871293
-4.58208586491828,-1.5239708798380085,-0.5853629362202705
-6.096462928382185,-1.8028273166345241,-0.92192430271761
-6.094627790942447,-1.187623906315471,-0.6294190778241688
-5.258848196400845,-0.7046694985934827,-0.22714408369003938
-4.778615378344839,-0.1190273219811534,0.09221598518528806
-4.22139435668624,0.22291884146033242,0.2843405912455768
-3.427134494006375,0.44716017010453407,0.4071602006374268
-2.99535642966855,0.7439916136161842,0.40833623204948266
-2.1397122135640334,1.0401836231534423,0.3345929359087683
-3.0949210986074482,0.8162735445758723,0.13864465147926497
-4.295257272968428,1.040385512097936,0.180406346972444
-4.118193301310847,1.2872879585919774,0.1351718923136148
-2.8983780815265896,0.8411969604340831,-0.11824374001869448
-2.933587717061168,1.5185337214005676,-0.2419191054523648
-2.9882251811631932,1.1314138327257197,-0.28564221199849216
-2.5725655199128927,0.649474117436995,-0.46388267302877717
-1.9774846572427491,0.7462604700920099,-0.6794357965019998
-2.997493529090449,0.5318065177682666,-0.567275943854636
-3.696062197640788,0.36100249012175933,-0.5367884824202328
-3.80472828906856,0.51956201468251,-0.4971892507188219
-3.942465801758395,0.5497843874226847,-0.4354751193504052
-4.2075263408110395,0.5337289423783582,-0.30591816672405153
-4.963260355646109,0.6808759542161992,-0.13981183800048247
-5.222883301276094,0.7464226903007564,-0.07747940181280984
-5.215148792137326,0.7020682701442664,0.09058365260212206
-3.3886695066803716,1.377088748190171,-0.062187839660575533
-1.0841103601811177,1.5258089607699432,-0.455400746911384
3.7061637373126706,1.4879801576470755,-1.4229614375468729
4.214204516294424,0.9889977586648627,-1.3903384663621101
0.9154534181491437,0.2956209934036719,-0.8578422898334068
-1.3516109055102705,0.09901122402531097,-0.4909603537504709
-1.09700819519466,-0.1656322015866688,-0.34171359225256137
-1.533533885066323,-0.5875999407197308,-0.14621180240279258
-1.529172835246725,-1.0293639579678102,-0.1237815333903565
-0.8627140423764755,-1.1049500877235148,-0.23684762999515468
-0.3022479198871982,-0.7468254975877224,-0.3238574133256327
-1.160830321081059,-0.6401757338117682,0.17154005767091238
1.8141412421291052,-0.43202033882280555,-0.4342222381858708
4.176770404467786,0.026315686400927997,-0.9485653463476228
4.495452441165227,0.04551286363491926,-1.276508118180649
2.1065337317401553,0.1517550755124535,-0.765239970934525
-0.02034621517670942,0.48337736748151017,-0.1376925597530494
-0.04360452799880719,0.9053333065525577,-0.24543290118460123
-1.2533746968721386,1.0850619754321296,-0.03411374334191983
-2.26323023192137,0.975415487306245,0.08742822830895175
-2.685408069705248,1.1706234377994091,0.05775231538418954
-3.4152706023006503,1.045530734141475,0.16657286256816226
-3.1788747270995583,1.2618763098892716,-0.11042677756425529
-1.441426536721318,1.3662216322826164,-0.2694000884065464
2.780301386620411,1.4949389982404777,-1.1256590221645832
5.262876209511215,0.9377327307263066,-1.1270448427077997
3.625113840553054,0.06910386863113237,-0.7178724937916241
1.1028166790268088,-1.1729714136421892,0.1240241833740461
-0.25078869971471557,-1.7044759921698076,0.44285877989243105
-0.1489937734159928,-1.3034924228225273,0.0338292132920835
3.6731329147729306,0.701941150443249,-1.0865773910612315
3.5171749444869214,0.34308631541895607,-0.9019156989228625
3.562598520020249,-0.3130969692583548,-0.6934552689342669
3.3997182269653274,-0.8793067051783428,-0.6284473204749425
2.559227119719814,-1.075146118233762,-0.16336806741942278
3.4572260808692894,-1.011454873920359,-0.4190405655866911
1.877368944530642,-1.6302449557826555,0.21851544501623205
1.8992271318673648,-1.212254055148638,-0.06321356233004863
5.3369583861268355,-0.9820275217345333,-0.6907192828412396
6.910741429173519,0.009827401943544358,-0.643276747943188
8.822479238317449,0.41034754836454024,-1.1925780258982752
6.383144652871331,0.5213542185634004,-0.7628849203792166
4.640760232336549,0.732187211627908,-0.22167229869585217
0.5470280655199709,0.9960931358817738,0.6123249748809658
-0.38835654371259276,1.3095943173391011,0.7168619436405431
-0.4297167455338653,1.5340314476291992,0.829099116839471
-0.7640539692421207,1.7843986880288432,1.0583337813989653
-1.218693015744978,1.9258022797025398,1.0962333920392433
-2.3764035893550344,2.071678634577358,1.043462905830833
-1.6364605583629384,2.2215689511573955,0.8817019839517534
0.2512944059023696,2.2787753360353906,0.46370183900042933
4.870196760176906,2.282648362755457,-0.45655763804499055
3.475162730371906,1.2742372998584428,-0.41603083462175405
0.4617206665814753,0.3163446882260407,0.11412523655383217
0.4359077998733751,0.10189623827679513,0.4620450296919497
0.8447947259982925,-0.018100722731721763,0.6206546088344239
0.4971586311403627,-0.41129647661263957,1.016215288358248
4.062449622256806,1.4246950222660604,0.39435049919657006
4.514737200329054,2.5276426502455873,0.6094288082549764
3.4075696161749374,2.664545193433513,1.0165992791745824
3.862819201041459,2.4202258586428207,0.7296250904017713
5.552748691330358,2.608992412964472,0.4011620153651094
4.540850508514283,2.5543953467401885,0.41574510809678933
6.449528981827609,2.7624869279632147,-2.2125211419750304e-05
4.9462744673629695,2.6750207496522953,0.16438373074437918
1.8246642931049968,2.6902626991155825,0.9834855952261036
0.48270104206318404,2.676538629728447,1.209134395708007
0.6800987701630921,2.7626492493008517,1.0715886098651484
0.056084546699613096,2.67232595606345,1.0999491836842152
-0.6342971389273018,2.738562376305136,1.3434545169625904
-0.9732431343250665,2.66262524935996,1.4709092625361726
-3.336000666968463,0.2043076286709197,0.5901355230198678
-2.448514588143447,0.5312792837736816,0.7896780581385761
3.6790881259582564,1.1453885088047682,-0.34510785157741986
6.886013041327103,0.8934437588585186,-0.9580578371770793
5.627899697666035,-0.169408239267425,-0.48319479729016035
3.561509901801038,-1.3946604167377088,0.6499794173367404
4.841607607710397,-2.104766264476892,0.7214392216262794
3.459587313245771,-2.8439404458472857,1.2427461481229283
2.8729634864318965,-2.7466381859794273,1.3712234501496858
3.3885336153096266,-2.939844119488317,1.1337664725618968
5.480379111109303,-3.0773026819943348,0.4376937697466806
5.670885131634781,-2.9115705764373314,0.3354273651261126
7.101668339967238,-1.84468578142405,0.4531134234237038
6.1026030264149185,-1.4783530231665043,0.4728290712268733
7.527209931502415,-0.6558210065087392,0.3258768009858033
4.712641003540102,-0.4092596128957798,0.6755815920979198
0.24536756590228823,-0.4916188525564052,1.5375034356144535
1.0258107067543276,-0.15981068504966525,1.1947205861467984
0.8413468603887552,0.10463816521979992,1.3563717090150147
1.7534672652605228,0.3602426644302905,1.0195872715210397
1.4691523501252424,1.0077751514407445,0.9741740744954234
-0.1898207952574466,0.7172801017493489,1.189753242367862
-2.534028260679821,0.755719192814413,1.1436849633087594
-1.8453318505845573,0.9559260790318613,0.9579886302681253
-0.48295723118944406,0.8016859892682975,0.785667543520875
1.5622433838150425,0.5532474607614251,0.7865378272836079
2.547061370482271,0.016802553681488787,1.163496400470093
1.5362080081379579,-1.1720586719527588,1.5498849103246495
2.0469174965735824,-1.6183392373974845,2.0502467516667195
2.163584418621874,-1.1833945624053317,2.686808341324925
-0.05132733447611976,-1.3199583993005006,2.9467182985529297
0.9827083686957808,-0.19300235580537922,3.064431553905747
-0.04883367544273706,-0.953933566339677,2.9069459376745765
0.4964926611860516,-1.3832943459475484,2.8108066990663048
0.16913649565206146,-1.4210951706290549,3.0281708613061014
2.542925284830594,-0.5822224515153307,2.4255156316692075
3.7894635274609443,-0.44196752688393137,1.708825833322654
3.2928594174726915,0.6134799180230306,2.112891927258819
-0.7059634674314049,2.225546213762392,2.268466324493329
-3.009028165272091,2.4410854331602443,1.747743596796484
-2.9330129838566545,2.0959893593370915,0.8954565078922903
-3.1613361868084344,1.2820357706430534,0.6113726455612214
-2.8357859114563486,1.0885176418016649,0.494800980731359
-3.141649374862828,0.6288910342333406,0.3439682890280511
-5.807670514956525,-0.06524072582890303,-0.02703278433427383
-5.247323153849504,-0.18703013389996503,-0.13950896001428512
-4.614904769095929,-0.23833520142726902,0.05465993318882065
-4.585971689569362,-0.45649258081399485,0.19000964136532736
-4.160512044156624,-0.6028521153510423,0.2628062827807123
-3.847202502736973,-1.0774874777800962,0.25481611659636855
-3.833081931885669,-1.446386349095169,0.15761653531223166
-3.85221145949438,-1.5277538326044637,0.17053813929704986
-4.225966224514522,-1.8630663211698766,0.044030487417613486
-4.61292831252369,-2.2206396073541783,-0.110394215445056
-3.784757740894026,-2.3771310967488017,-0.03084203900423609
-3.038923787983199,-2.5475553906685984,-0.1549205730482937
-2.8442957757938676,-2.460897510643431,-0.24620790983478164
-2.1328944261328817,-2.0729901778194244,-0.3334152744410263
0.09272924921186658,-1.712177729560411,-0.6099555763569725
-0.7778059099969072,-1.3868751959899348,-0.6308453406107076
-2.3129211827394554,-1.1798401568220858,-0.41893489835806597
0.18446437381808542,-0.8248991014927008,-0.7471662136807795
-1.6051127705031174,-0.6961454620349076,-0.44451480904106416
-3.395756514820472,-0.48267171606875536,0.0031228298452135313
-4.307238305487168,-0.45813544498222547,0.17966879647538306
-5.092550493781386,-0.48400578948993805,0.2197306409863337
-4.95395064373841,-0.637450178571273,-0.08888888313318731
-3.4029564739724405,-0.602096102631377,-0.20354731972186804
-1.321302366286895,-0.5135090301094779,-0.384983615258682
-0.848349392141053,-0.6605350517453076,-0.39683264378175215
-2.1883091998676476,-1.025528089936019,-0.07378936616033309
-2.2463989670620346,-1.613656213492683,0.048758142943181475
-2.4194950165043956,-1.7069175261121192,0.19677462001532336
-1.8906157001836492,-1.7534360307729648,0.33787119309843855
-1.7433823597128666,-1.7622699581089691,0.49789132384196255
-2.278275774675228,-1.6225318153150898,0.59406075525176
-2.0335993389952427,-1.7022816399402554,0.7736132803383167
-1.8295073655416507,-1.5892303893758946,0.6236869536669375
-0.1979511183300202,-1.211409905948115,0.23079335628335282
1.2351172489450493,-1.1793746068516604,-0.1933386809447343
0.6744588299544371,-1.0399967099182006,-0.1093404234374724
-0.29429116025459334,-0.960683189432026,-0.04395102522555771
-1.4667172979821663,-0.9793024372268913,0.26233297240003434
-2.109720622375421,-0.825604837022052,0.2105074247336606
-2.8653642860818103,-0.7903247899961925,0.2508320938481674
-4.075128537881044,-0.6791388687790202,0.3233768172777701
-4.519622888207125,-0.7230354089338782,0.4589105735630676
-4.583061649465179,-0.6129470344226791,0.5873900545868024
-3.022387537040377,-0.20506820784898946,0.6565853957959368
-0.7921159957549904,0.47365469433447893,0.46030805296704796
4.693544931707522,0.364348054770549,-0.6836236534229073
4.514182043437642,-0.49022428771873383,-0.5082294824733644
-0.7589876113711973,-1.1626775419298276,0.6158977415516897
-0.6398114421272646,-1.9003177637103066,0.8544006757808712
-0.9546799600506709,-2.3281082455513262,1.181363388138366
0.7212183730421308,-2.678941338922924,1.2638376930270734
2.0399164056015646,-2.8777491152208516,1.0622876647252406
-0.04528845134170815,-2.4575234381048654,1.1076359544718268
1.1065236344185847,-2.48146257923814,0.87159230134909
0.33340944030661135,-2.742371693520697,1.271084345570297
1.412407291393131,-2.6485342424103084,1.0272572113677187
2.4069845689240497,-1.9441038640762722,0.7548805428663248
3.4346777778293403,-1.6145853073751668,0.6465563480825581
3.076322965701661,-1.2321868208203461,0.3902183606471785
0.9198170302609767,-0.9653190349669918,0.6394310638654777
-0.6695970723813738,-0.7437614814973371,0.884690741186798
0.10816521788975786,-0.44801379972895844,0.7040708638315173
-1.1901196518253752,-0.19635690477999274,1.0922401264164128
-2.20002253808728,-0.3695873568162125,1.3345100596801927
-3.0687915370744068,0.07255106843262693,1.297465828109537
-3.6347376340156736,0.33092401705766966,1.5657331040749118
-1.5090965234088325,1.0275307612403326,0.9461117948439455
6.274767152175722,1.337570738114596,-0.5514683447817157
4.3204080156155324,0.9681362134415783,0.07592015812453941
5.960865954507009,0.30537429993096743,0.12886286789597
4.023453747157994,-1.033177136736238,1.0743560945093291
3.0681854430331277,-1.6891786906913822,1.6058831059366496
1.8918359047502296,-1.8292652351636323,2.088687456378838
1.8074951723659456,-1.9449928241269374,2.2817573630206898
3.579859655120415,-1.991919215243558,1.6285862387435381
3.722318889093765,-2.460850880174424,1.1887505359239334
2.1521554522309874,-2.129338613218367,2.012476277541723
3.7656880590910906,-1.578127873956393,1.8650089926832953
6.340753178463485,-0.6706405421211987,1.206181543445407
6.552696982627284,-0.12515588094576857,1.2320622753541641
6.125240880292005,-0.06834324588506985,0.7517260451853868
1.7458151922076977,0.015733039814489907,1.3428642771892818
-0.3008133392239306,0.26540036843274073,2.1131591827365366
0.06613152128832209,0.8844876492048661,1.9803008179837371
-0.5862078920572336,0.7470639214224155,1.7678614879234724
-1.8223008259405478,1.0552477715818405,2.109521172153735
-2.980711584235008,1.0014261712778796,1.8927755221994633
-2.4688251474692624,1.5172067723645883,1.1881599872300044
-0.6839764667856838,1.5527489419350569,0.6845626904497055
5.678623959926164,1.5903311391636195,-0.1886286206288464
8.588612716080991,1.2496594857725576,-0.8525872741550956
3.6294770577420548,0.23976958893779138,0.5008703598196108
0.6203976251822765,-1.7077520936884663,1.1801058620958897
-0.8327054472775622,-2.3760410349122565,1.3483206672370098
0.5335274982129304,-2.2126802582536933,1.4226329349998947
3.9628175321513184,-1.547081314427353,0.9844431081365643
3.538168268632986,-0.6206936576394962,1.1878942903456007
5.112898310896923,0.06226823209570398,1.083803576273149
4.427015393503223,0.05634070402028472,1.2020141065913426
5.471424728283688,0.1274762937413057,0.8212516829191752
6.390373216404958,0.5183412138716916,0.710437788884779
7.951753437710188,0.8783831070133372,0.5504101819092851
4.221342719510274,1.3202916486794407,1.3449146177966198
2.5485682862806334,1.3231935771748005,1.780553796592222
1.7814745768354163,1.4702839073250116,1.9503576153228805
1.9392727371896825,2.3502927215481297,2.304524814880406
0.9190061834722455,2.7665852666892023,2.64430587256601
-0.39096260426166607,2.7937916982604674,2.8030908496720763
-1.0468234918398616,2.734469057613697,2.8985261862896294
-1.9195204043598395,2.3409040674973407,2.709029307636695
0.2670440002501407,2.3639247220071864,2.2338304424296527
3.0189897089165494,2.0600627361520587,1.6228747879736112
2.9969859468763516,1.2109306841138199,1.8566783738452266
2.841308015660745,1.7992411663018144,1.7995753913244465
1.734389491428625,2.3993595302046447,2.047313476308344
1.8199810075988945,2.915624053175075,2.3224996746155266
2.4951352746760977,2.4771599067977585,2.336642585904092
3.240233115035974,1.5892263915941949,2.2924543437382408
1.869142848833206,0.6830049046677537,2.6248057064490933
2.849413251676869,0.2114703220457135,2.284899453943863
3.8046707676120346,1.7963391201121166,2.900630332333366
4.028240927106944,1.1294987838682469,2.199795553044444
4.362269819516772,1.1085908224205412,2.087203169742459
6.334454834137106,1.5553246325033148,1.511567271363702
4.3894314280140065,1.6062540274938162,1.761227842511617
2.497677892759088,1.9433404209965481,2.2869672359273086
2.2316201450366844,2.0059530081447305,2.3887136985307023
2.1590527865037257,1.996343655516243,2.214814397600993
2.8802132410131125,2.10769174065815,2.125805338711701
